{
  "files": [
    {
      "filepath": "/Users/david/centrum/work/sigma/src/bench/culling.bench.ts",
      "groups": [
        {
          "fullName": "src/bench/culling.bench.ts > culling algorithms",
          "benchmarks": [
            {
              "id": "-1574512507_0_0",
              "name": "selection-box intersection scan",
              "rank": 1,
              "rme": 0.34005689684042945,
              "samples": [],
              "totalTime": 500.01291200000935,
              "min": 0.052833000000077845,
              "max": 0.2390420000000404,
              "hz": 17431.54984765641,
              "period": 0.05736724552547147,
              "mean": 0.05736724552547147,
              "variance": 0.00008634481221119741,
              "sd": 0.009292190926320736,
              "sem": 0.00009953126272283082,
              "df": 8715,
              "critical": 1.96,
              "moe": 0.0001950812749367484,
              "p75": 0.057624999999916326,
              "p99": 0.09554100000002563,
              "p995": 0.11545799999998962,
              "p999": 0.16600000000005366,
              "sampleCount": 8716,
              "median": 0.054333000000042375
            },
            {
              "id": "-1574512507_0_1",
              "name": "visible screen area projection scan",
              "rank": 3,
              "rme": 2.5108755921194224,
              "samples": [],
              "totalTime": 500.26638200000355,
              "min": 0.5121659999999792,
              "max": 4.897207999999864,
              "hz": 1609.142706694999,
              "period": 0.6214489217391348,
              "mean": 0.6214489217391348,
              "variance": 0.05102053464574582,
              "sd": 0.22587725570704506,
              "sem": 0.007961127190529218,
              "df": 804,
              "critical": 1.96,
              "moe": 0.015603809293437266,
              "p75": 0.6022499999999127,
              "p99": 1.5041660000001684,
              "p995": 1.6396660000000338,
              "p999": 4.897207999999864,
              "sampleCount": 805,
              "median": 0.5705840000000535
            },
            {
              "id": "-1574512507_0_2",
              "name": "center weighting for visible candidates",
              "rank": 2,
              "rme": 1.5033289541298827,
              "samples": [],
              "totalTime": 500.2160780000065,
              "min": 0.38258300000006784,
              "max": 2.1790000000000873,
              "hz": 2087.098048055917,
              "period": 0.47913417432950817,
              "mean": 0.47913417432950817,
              "variance": 0.014099726752077952,
              "sd": 0.11874227028349235,
              "sem": 0.0036749810060340018,
              "df": 1043,
              "critical": 1.96,
              "moe": 0.007202962771826644,
              "p75": 0.47870799999986957,
              "p99": 1.0167919999998958,
              "p995": 1.0495829999999842,
              "p999": 1.1959170000000086,
              "sampleCount": 1044,
              "median": 0.4519585000000461
            }
          ]
        }
      ]
    },
    {
      "filepath": "/Users/david/centrum/work/sigma/src/bench/ipcLatency.bench.ts",
      "groups": [
        {
          "fullName": "src/bench/ipcLatency.bench.ts > ipc latency (mocked invoke)",
          "benchmarks": [
            {
              "id": "1147528031_0_0",
              "name": "native_video_get_profile mocked round-trip",
              "rank": 1,
              "rme": 0.9007084724635838,
              "samples": [],
              "totalTime": 500.0340259999955,
              "min": 0.08287499999994452,
              "max": 0.7866669999999658,
              "hz": 9709.339260044762,
              "period": 0.10299362018537497,
              "mean": 0.10299362018537497,
              "variance": 0.00108759257696403,
              "sd": 0.03297866851411727,
              "sem": 0.0004733021750544062,
              "df": 4854,
              "critical": 1.96,
              "moe": 0.0009276722631066361,
              "p75": 0.10087500000008731,
              "p99": 0.2670410000000629,
              "p995": 0.3162499999998545,
              "p999": 0.4374159999999847,
              "sampleCount": 4855,
              "median": 0.09275000000002365
            },
            {
              "id": "1147528031_0_1",
              "name": "native_video_update_manifest mocked round-trip",
              "rank": 3,
              "rme": 0.9779304104379376,
              "samples": [],
              "totalTime": 501.18299699999716,
              "min": 1.1449589999999716,
              "max": 1.9472090000001572,
              "hz": 794.1211142085139,
              "period": 1.2592537613065256,
              "mean": 1.2592537613065256,
              "variance": 0.015711344296218416,
              "sd": 0.12534490135708917,
              "sem": 0.006282972181836771,
              "df": 397,
              "critical": 1.96,
              "moe": 0.012314625476400071,
              "p75": 1.2994590000000699,
              "p99": 1.6913750000001073,
              "p995": 1.9293330000000424,
              "p999": 1.9472090000001572,
              "sampleCount": 398,
              "median": 1.2071664999999712
            },
            {
              "id": "1147528031_0_2",
              "name": "probe_images mocked round-trip",
              "rank": 2,
              "rme": 0.9196501827662937,
              "samples": [],
              "totalTime": 500.89529299999526,
              "min": 0.7752500000001419,
              "max": 1.489415999999892,
              "hz": 1112.0088525168178,
              "period": 0.8992734165170472,
              "mean": 0.8992734165170472,
              "variance": 0.009916807573556185,
              "sd": 0.09958316912790126,
              "sem": 0.004219474295187611,
              "df": 556,
              "critical": 1.96,
              "moe": 0.008270169618567719,
              "p75": 0.9067089999998643,
              "p99": 1.2724170000001322,
              "p995": 1.3297910000001139,
              "p999": 1.489415999999892,
              "sampleCount": 557,
              "median": 0.8655829999997877
            }
          ]
        }
      ]
    },
    {
      "filepath": "/Users/david/centrum/work/sigma/src/bench/spatialIndex.bench.ts",
      "groups": [
        {
          "fullName": "src/bench/spatialIndex.bench.ts > spatial indexing",
          "benchmarks": [
            {
              "id": "1250217587_0_0",
              "name": "brute-force rect query",
              "rank": 2,
              "rme": 0.8641339403773917,
              "samples": [],
              "totalTime": 500.0235950000032,
              "min": 0.12125000000003183,
              "max": 0.8235000000000241,
              "hz": 7499.646091700884,
              "period": 0.13333962533333418,
              "mean": 0.13333962533333418,
              "variance": 0.001295984216148443,
              "sd": 0.035999780779172014,
              "sem": 0.0005878739584068323,
              "df": 3749,
              "critical": 1.96,
              "moe": 0.0011522329584773914,
              "p75": 0.1303330000000642,
              "p99": 0.2512500000000273,
              "p995": 0.37758400000006986,
              "p999": 0.6472919999999931,
              "sampleCount": 3750,
              "median": 0.12599999999997635
            },
            {
              "id": "1250217587_0_1",
              "name": "grid index build",
              "rank": 3,
              "rme": 5.232269624338379,
              "samples": [],
              "totalTime": 502.1707460000007,
              "min": 1.971042000000125,
              "max": 8.98720800000001,
              "hz": 346.49569172633517,
              "period": 2.8860387701149466,
              "mean": 2.8860387701149466,
              "variance": 1.032812911634469,
              "sd": 1.016274033730307,