{
  "files": [
    {
      "filepath": "/Users/david/centrum/work/sigma/src/bench/culling.bench.ts",
      "groups": [
        {
          "fullName": "src/bench/culling.bench.ts > culling algorithms",
          "benchmarks": [
            {
              "id": "-1574512507_0_0",
              "name": "selection-box intersection scan",
              "rank": 1,
              "rme": 0.44501424565664094,
              "samples": [],
              "totalTime": 500.04029099999593,
              "min": 0.05712499999998499,
              "max": 0.3520419999999831,
              "hz": 15688.735770294286,
              "period": 0.06373999885277194,
              "mean": 0.06373999885277194,
              "variance": 0.00016430573982392977,
              "sd": 0.01281818005115897,
              "sem": 0.00014472044646745647,
              "df": 7844,
              "critical": 1.96,
              "moe": 0.0002836520750762147,
              "p75": 0.0625,
              "p99": 0.12324999999998454,
              "p995": 0.15374999999994543,
              "p999": 0.20033300000000054,
              "sampleCount": 7845,
              "median": 0.06024999999999636
            },
            {
              "id": "-1574512507_0_1",
              "name": "visible screen area projection scan",
              "rank": 3,
              "rme": 2.0521901595893177,
              "samples": [],
              "totalTime": 500.3421240000009,
              "min": 0.5712499999999636,
              "max": 2.3460000000000036,
              "hz": 1457.0030485780137,
              "period": 0.686340362139919,
              "mean": 0.686340362139919,
              "variance": 0.03764693864819478,
              "sd": 0.19402819034407032,
              "sem": 0.007186229272002604,
              "df": 728,
              "critical": 1.96,
              "moe": 0.014085009373125104,
              "p75": 0.6775410000000193,
              "p99": 1.6003330000000915,
              "p995": 1.7883339999998498,
              "p999": 2.3460000000000036,
              "sampleCount": 729,
              "median": 0.6344169999999849
            },
            {
              "id": "-1574512507_0_2",
              "name": "center weighting for visible candidates",
              "rank": 2,
              "rme": 0.8225482646426021,
              "samples": [],
              "totalTime": 500.5612850000025,
              "min": 0.4277910000000702,
              "max": 1.0679170000003069,
              "hz": 2007.7461643882325,
              "period": 0.4980709303482612,
              "mean": 0.4980709303482612,
              "variance": 0.004390956049718339,
              "sd": 0.06626428940023683,
              "sem": 0.0020902417317698397,
              "df": 1004,
              "critical": 1.96,
              "moe": 0.004096873794268886,
              "p75": 0.5113750000000437,
              "p99": 0.725458000000117,
              "p995": 0.8245829999998477,
              "p999": 0.9837079999999787,
              "sampleCount": 1005,
              "median": 0.4803750000000946
            }
          ]
        }
      ]
    },
    {
      "filepath": "/Users/david/centrum/work/sigma/src/bench/spatialIndex.bench.ts",
      "groups": [
        {
          "fullName": "src/bench/spatialIndex.bench.ts > spatial indexing",
          "benchmarks": [
            {
              "id": "1250217587_0_0",
              "name": "brute-force rect query",
              "rank": 2,
              "rme": 2.079754925287713,
              "samples": [],
              "totalTime": 500.05684399999643,
              "min": 0.12595899999996618,
              "max": 3.3242500000000064,
              "hz": 6827.223826577652,
              "period": 0.14647242062097143,
              "mean": 0.14647242062097143,
              "variance": 0.008246837074016343,
              "sd": 0.09081209761929489,
              "sem": 0.0015542180520677496,
              "df": 3413,
              "critical": 1.96,
              "moe": 0.003046267382052789,
              "p75": 0.13487499999996544,
              "p99": 0.3396250000000691,
              "p995": 0.5212080000000014,
              "p999": 1.4048749999999472,
              "sampleCount": 3414,
              "median": 0.1330000000000382
            },
            {
              "id": "1250217587_0_1",
              "name": "grid index build",
              "rank": 3,
              "rme": 6.945320660307663,
              "samples": [],
              "totalTime": 500.65986899999825,
              "min": 2.179916999999932,
              "max": 9.620832999999948,
              "hz": 289.61778040971865,
              "period": 3.4528266827586087,
              "mean": 3.4528266827586087,
              "variance": 2.170651091788072,
              "sd": 1.473312964643993,
              "sem": 0.12235198212359663,
              "df": 144,
              "critical": 1.96,
              "moe": 0.2398098849622494,
              "p75": 3.606499999999869,
              "p99": 9.188208000000031,
              "p995": 9.620832999999948,
              "p999": 9.620832999999948,
              "sampleCount": 145,
              "median": 2.7779169999998885
            },
            {
              "id": "1250217587_0_2",
              "name": "grid index rect query",
              "rank": 1,
              "rme": 5.217606238538335,
              "samples": [],
              "totalTime": 500.0045409999909,
              "min": 0.004167000000052212,
              "max": 7.327834000000166,
              "hz": 138846.738993919,
              "period": 0.0072021857138740335,
              "mean": 0.0072021857138740335,
              "variance": 0.002551929798535388,
              "sd": 0.050516628930832155,
              "sem": 0.00019172535261133074,
              "df": 69423,
              "critical": 1.96,
              "moe": 0.00037578169111820823,
              "p75": 0.00483299999996234,
              "p99": 0.035499999999956344,
              "p995": 0.05366700000013225,
              "p999": 0.20100000000002183,
              "sampleCount": 69424,
              "median": 0.004625000000032742
            }
          ]
        }
      ]
    },
    {
      "filepath": "/Users/david/centrum/work/sigma/src/bench/viewportMath.bench.ts",
      "groups": [
        {
          "fullName": "src/bench/viewportMath.bench.ts > viewport math",
          "benchmarks": [
            {
              "id": "-736284717_0_0",
              "name": "applyPanDelta for repeated trackpad pans",
              "rank": 2,
              "rme": 1.4732929725435684,
              "samples": [],
              "totalTime": 500.0124420000029,
              "min": 0.014832999999953245,
              "max": 2.5662079999999605,
              "hz": 56066.60483860487,
              "period": 0.017835929300135653,
              "mean": 0.017835929300135653,
              "variance": 0.0005038980123749143,
              "sd": 0.022447672760776655,
              "sem": 0.00013406912906466215,
              "df": 28033,
              "critical": 1.96,
              "moe": 0.00026277549296673783,
              "p75": 0.01637500000003911,
              "p99": 0.05416600000000926,
              "p995": 0.08970900000008442,
              "p999": 0.19116599999995287,
              "sampleCount": 28034,
              "median": 0.015833000000043285
            },
            {
              "id": "-736284717_0_1",
              "name": "applyZoomAtPoint for pointer-centered zooming",
              "rank": 1,
              "rme": 0.7715263624355488,
              "samples": [],
              "totalTime": 500.00731900004257,
              "min": 0.011665999999877386,
              "max": 0.7383330000000115,
              "hz": 70218.97213467992,
              "period": 0.014241165451439549,
              "mean": 0.014241165451439549,
              "variance": 0.00011033448979424924,
              "sd": 0.010504022553015071,